case,is_scaling,exponent
case_1,True,0.8781541062827366
case_2,True,0.761085644110379
case_3,True,0.8241857580784587
case_4,False,
case_5,True,0.9144607750966355
